{
	"class_name" : "PinholeCameraParameters",
	"extrinsic" : 
	[
		0.99741020033226324,
		0.032773131545948936,
		0.064021981551859841,
		0.0,
		-0.020485235460754387,
		-0.72382949541423558,
		0.68967471803487956,
		0.0,
		0.068943798860174557,
		-0.68920010404602028,
		-0.72128355671100863,
		0.0,
		-0.96869945850900985,
		3.4420919534968841,
		8.8807345208406989,
		1.0
	],
	"intrinsic" : 
	{
		"height" : 679,
		"intrinsic_matrix" : 
		[
			652.17343210671083,
			0.0,
			0.0,
			0.0,
			652.17343210671083,
			0.0,
			629.5,
			339.0,
			1.0
		],
		"width" : 1260
	},
	"version_major" : 1,
	"version_minor" : 0
}